title,address,link,image_url,thumbnail
Comedy Everyday,"The Integral Space, The Integral Space, 14, Janata Estate , Senapati Bapat Marg, Landmark:, next to Manyavar, above Urban Ladder, Lower Parel West, Mumbai, Maharashtra, India",https://in.bookmyshow.com/events/comedy-everyday/ET00374427,https://encrypted-tbn0.gstatic.com/images?q=tbn:ANd9GcS7y0ytjtlXQB8h7rp1z488zhUdMsKfVRpxQnAWy19dRw&s,https://encrypted-tbn0.gstatic.com/images?q=tbn:ANd9GcRxJ0LZcANGOs5F0p9VX93He4m6mQQJRZB7hgmeD8D63kNQLLiXD8Y7o2U&s
ONEmpire LIVE! at antiSOCIAL Mumbai,"Plot 242, antiSOCIAL, Mathuradas Mill Compound, SJ Marg, Lower Parel, Mumbai, Maharashtra, India",https://insider.in/onempire-live-at-antisocial-mumbai-may4-2024/event,https://encrypted-tbn0.gstatic.com/images?q=tbn:ANd9GcQSyVmgNcxVS4-KzOXRkHrcNw-meu-dp4GsXlT6v8JxGQ&s,https://encrypted-tbn0.gstatic.com/images?q=tbn:ANd9GcQ6eBY92-ZHhdMxykfLJyOpdX2yXWPOWuj4CDCYv6_6oItPWCL9nZzPE6k&s
Dreamworks `Madagascar` - A Musical Adventure,"The Royal Opera House, Mumbai, Shrimad Rajchandraji Marg, Charni Road East, Opera House, Girgaon, Mumbai, Maharashtra, India",https://in.bookmyshow.com/plays/dreamworks-madagascar-a-musical-adventure/ET00346782,https://encrypted-tbn0.gstatic.com/images?q=tbn:ANd9GcQOt_sME9eLSgrdvG5tuQlZ5kc-vC8hkamNXV16jg-WiA&s,https://encrypted-tbn0.gstatic.com/images?q=tbn:ANd9GcQHQGFS2MdtaOowyln28j0o7993hLNzLmycWlGWnJQFBQ3l32IzJrK2X4I&s
Bangalore Vs Mumbai,"The Habitat, 1st Floor, Hotel Unicontinental, 3rd Road, Station, next to Khar, Khar West, Mumbai, Maharashtra, India",https://in.bookmyshow.com/events/bangalore-vs-mumbai/ET00393225,https://encrypted-tbn0.gstatic.com/images?q=tbn:ANd9GcRmKoTxv1JOkCCxbfu08pI6Tz0lU9qHDCyZyQKNhDWlKQ&s,https://encrypted-tbn0.gstatic.com/images?q=tbn:ANd9GcSodDg9Pd637nYAbTj1pV9M238-WYgZ8JVzQo8T-XlxdZzB2lKEOdELdo4&s
Neuma Bar Nights,"Neuma, Garden Chalet, 4/6, Mandlik Rd, near Regal Cinema, Apollo Bandar, Colaba, Mumbai, Maharashtra, India",https://sortmyscene.com/event/neuma-bar-nights-may-03-2024,https://encrypted-tbn0.gstatic.com/images?q=tbn:ANd9GcQyzhDYp_1EnLtS70WV1fgetSGp3XyVv4HtxxB1SzujCg&s,https://encrypted-tbn0.gstatic.com/images?q=tbn:ANd9GcQW7r4I7WQXpWK5KuY2D1i2nkieKYCMJsMHfCWz0EM&s
Raag Ras:Essence of Indian Classical Vocal Concert,"2R28+2M9 Nehru Centre, Dr Annie Besant Rd, Worli Naka, Worli, Mumbai, Maharashtra, India",https://in.bookmyshow.com/events/raag-ras-essence-of-indian-classical-vocal-concert/ET00391474,https://encrypted-tbn0.gstatic.com/images?q=tbn:ANd9GcQexwaa0L0s39JsXEWZvik7KHzPKrzl7k_37ZjWRnrfxw&s,https://encrypted-tbn0.gstatic.com/images?q=tbn:ANd9GcRRiZpXmkw2N7oLf5-0foVdX2k_mrIgjdyZU92NF7EAuey-fSzzV3Y6PwU&s
Open Mic Comedy Show,"DORANGOS (Instagram:-dorangos_comedy_events) Best Entertainment Mumbai, SIDE OF LEARNERS SCHOOL, DORANGOS, INSTAGRAM PICS:-dorangos_comedy_events, DORANGOS, Bandra West, Mumbai, Maharashtra, India",https://in.bookmyshow.com/events/comedy-fiesta-tv-cele-night/ET00336347,https://encrypted-tbn0.gstatic.com/images?q=tbn:ANd9GcRRBPZwTYxVgQm6h61CReSObEd-q52xHzsMdotYBwbqtQ&s=10,https://encrypted-tbn0.gstatic.com/images?q=tbn:ANd9GcTYwir5qG5PnVp2nNaWQKWu6ISrDpg5zXYmPvRx0iwykPV2s9CAkc43Ubk&s
Mumbai Darshan from Dadar,"Dadar (E) Chitra Cinema, Dadar East, Dadar, Mumbai, Maharashtra, India",https://in.bookmyshow.com/activities/mumbai-darshan-from-dadar/ET00375789,https://encrypted-tbn0.gstatic.com/images?q=tbn:ANd9GcQ4YElJVkxjUDNP8pzAikurMZ5Is9NiPUSwWhbQ7fzAmA&s=10,https://encrypted-tbn0.gstatic.com/images?q=tbn:ANd9GcTeAkj3ynfXq-lUpk0dRnFE4vwxLjYgkk8VaK3ncbZGuWqyO86lSvJyoNI&s
Sapphire Cruise,"Shop no 4, Belapur Navi Mumbai, F Type Society, near bank of Maharashtra, Sector 5, CBD Belapur, Navi Mumbai, Maharashtra, India",https://allevents.in/navi%20mumbai/sapphire-cruise/200026388053015,https://encrypted-tbn0.gstatic.com/images?q=tbn:ANd9GcQDyFrbxKX2mBPcpNSLNsjJNoPcJ216ag47RKCsWwkWdw&s=10,https://encrypted-tbn0.gstatic.com/images?q=tbn:ANd9GcTsaMwZt2_u7PicHWgQfwwa55Zx5l9Iiqyz6fxGqw-h6BEWfXTIGMfKD8s&s
MANCHILD by Raunaq Rajani,"XR94+PQF Sophia Bhabha Auditorium, Sophia College Ln, Breach Candy, Cumballa Hill, Mumbai, Maharashtra, India",https://in.bookmyshow.com/events/manchild-by-raunaq-rajani/ET00392276,https://encrypted-tbn0.gstatic.com/images?q=tbn:ANd9GcTnAwq_IZAxTuHsWID8ssn239xHqzuW2HzFQS_740zeXg&s=10,https://encrypted-tbn0.gstatic.com/images?q=tbn:ANd9GcRCbVjWVTlkpRSo9HXlRDqH-c3EjpltHsW-G1owp5p0yM2AtGEgCRMpSkE&s
